,TEAM,Name,Number,POS,Age,HT_in,WT_lb,College,Salary
0,UTAH,Ochai Agbaji,30,G,22,77,215,Kansas,"$3,918,360"
1,UTAH,Udoka Azubuike,20,C,23,83,270,Kansas,"$2,174,880"
2,UTAH,Leandro Bolmaro,10,F,22,78,200,--,"$2,353,320"
3,UTAH,Jordan Clarkson,00,PG,30,77,194,Missouri,"$13,340,000"
4,UTAH,Simone Fontecchio,16,F,27,79,209,--,"$3,205,128"
5,UTAH,Rudy Gay,22,SF,36,80,250,Connecticut,"$6,184,500"
6,UTAH,Talen Horton-Tucker,0,SG,22,76,234,Iowa State,"$10,260,000"
7,UTAH,Damian Jones,30,C,27,83,245,Vanderbilt,"$2,298,385"
8,UTAH,Johnny Juzang,33,G,21,78,209,UCLA,--
9,UTAH,Walker Kessler,24,C,21,84,245,Auburn,"$2,696,400"
10,UTAH,Lauri Markkanen,23,PF,25,84,240,Arizona,"$16,475,454"
11,UTAH,Kelly Olynyk,41,PF,31,83,240,Gonzaga,"$12,195,122"
12,UTAH,Micah Potter,25,C,24,80,248,Wisconsin,--
13,UTAH,Collin Sexton,2,PG,24,74,190,Alabama,"$16,500,000"
14,UTAH,Juan Toscano-Anderson,95,SF,29,78,209,Marquette,"$1,836,090"
15,UTAH,Russell Westbrook,0,PG,34,75,200,UCLA,"$47,063,478"
16,SAC,Harrison Barnes,40,SF,30,80,225,North Carolina,"$18,352,273"
17,SAC,Terence Davis,3,SG,25,76,201,Ole Miss,"$4,000,000"
18,SAC,Matthew Dellavedova,8,PG,32,75,200,Saint Mary's,"$1,836,090"
19,SAC,PJ Dozier,35,G,26,78,205,South Carolina,"$1,910,860"
20,SAC,,,SF,22,79,203,Pepperdine,"$1,637,966"
21,SAC,Keon Ellis,23,G,23,75,175,Alabama,--
22,SAC,De'Aaron Fox,5,PG,25,75,185,Kentucky,"$28,103,550"
23,SAC,Richaun Holmes,22,F,29,81,235,Bowling Green,"$11,215,260"
24,SAC,Kevin Huerter,9,SG,24,79,198,Maryland,"$14,508,929"
25,SAC,Alex Len,25,C,29,85,250,Maryland,"$3,918,000"
26,SAC,Trey Lyles,41,PF,27,81,234,Kentucky,"$2,700,000"
27,SAC,Chimezie Metu,7,PF,25,81,225,USC,"$1,910,680"
28,SAC,Davion Mitchell,15,PG,24,72,202,Baylor,"$4,833,600"
29,SAC,Malik Monk,0,SG,25,75,200,Kentucky,"$9,472,219"
30,SAC,Keegan Murray,13,SF,22,80,215,Iowa,"$8,008,440"
31,SAC,KZ Okpala,31,SF,23,80,215,Stanford,"$1,782,621"
32,SAC,Neemias Queta,88,C,23,84,248,Utah State,--
33,SAC,Domantas Sabonis,10,PF,26,84,240,Gonzaga,"$18,500,000"
34,WAS,Deni Avdija,9,SF,22,81,210,--,"$4,916,160"
35,WAS,Will Barton,5,SF,32,77,181,Memphis,"$14,375,000"
36,WAS,Bradley Beal,3,SG,29,76,207,Florida,"$43,279,250"
37,WAS,Vernon Carey Jr.,13,C,21,82,270,Duke,"$1,782,621"
38,WAS,Johnny Davis,1,G,20,76,195,Wisconsin,"$4,810,320"
39,WAS,Daniel Gafford,21,C,24,82,234,Arkansas,"$1,930,681"
40,WAS,Taj Gibson,67,F,37,81,232,USC,"$1,836,090"
41,WAS,Anthony Gill,16,PF,30,80,230,Virginia,"$1,836,090"
42,WAS,Jordan Goodwin,7,G,24,75,200,Saint Louis,--
43,WAS,Quenton Jackson,29,G,24,77,173,Texas A&M,--
44,WAS,Corey Kispert,24,SF,23,78,224,Gonzaga,"$3,552,960"
45,WAS,Kyle Kuzma,33,SF,27,81,221,Utah,"$13,000,000"
46,WAS,Monte Morris,22,PG,27,74,183,Iowa State,"$9,125,000"
47,WAS,Kendrick Nunn,12,G,27,75,190,Oakland,"$5,250,000"
48,WAS,Kristaps Porzingis,6,C,27,87,240,--,"$33,833,400"
49,WAS,Isaiah Todd,14,PF,21,81,219,--,"$1,575,000"
50,WAS,Delon Wright,55,SG,30,77,185,Utah,"$7,804,878"
51,BOS,Malcolm Brogdon,13,PG,30,76,229,Virginia,"$22,600,000"
52,BOS,Jaylen Brown,7,SG,26,78,223,California,"$28,741,071"
53,BOS,JD Davison,20,SG,20,73,195,Alabama,--
54,BOS,Danilo Gallinari,8,PF,34,82,236,--,"$6,479,000"
55,BOS,Blake Griffin,91,PF,33,81,250,Oklahoma,"$1,836,090"
56,BOS,Sam Hauser,30,SF,25,79,217,Virginia,"$1,563,518"
57,BOS,Al Horford,42,C,36,81,240,Florida,"$26,500,000"
58,BOS,Mfiondu Kabengele,28,C,25,82,250,Florida State,"$1,701,593"
59,BOS,Luke Kornet,40,C,27,86,250,Vanderbilt,"$2,133,278"
60,BOS,Mike Muscala,57,C,31,83,240,Bucknell,"$3,500,000"
61,BOS,Payton Pritchard,11,PG,25,73,195,Oregon,"$2,239,200"
62,BOS,Marcus Smart,36,PG,28,76,220,Oklahoma State,"$17,207,141"
63,BOS,Jayson Tatum,0,SF,24,80,210,Duke,"$28,103,500"
64,BOS,Derrick White,9,PG,28,76,190,Colorado,"$16,892,857"
65,BOS,Grant Williams,12,PF,24,78,236,Tennessee,"$4,306,281"
66,BOS,Robert Williams III,44,C,25,81,237,Texas A&M,"$10,937,502"
67,MIL,Grayson Allen,12,SG,27,76,198,Duke,"$8,500,000"
68,MIL,Giannis Antetokounmpo,34,PF,28,83,242,--,"$42,492,492"
69,MIL,Thanasis Antetokounmpo,43,SF,30,79,219,--,"$1,878,720"
70,MIL,MarJon Beauchamp,0,G,22,79,199,--,"$2,485,200"
71,MIL,Jevon Carter,5,PG,27,73,200,West Virginia,"$2,100,000"
72,MIL,Pat Connaughton,24,SG,30,77,209,Notre Dame,"$5,728,393"
73,MIL,Jae Crowder,99,PF,32,78,235,Marquette,"$10,183,000"
74,MIL,AJ Green,20,G,23,77,190,Northern Iowa,--
75,MIL,Jrue Holiday,21,PG,32,76,205,UCLA,"$33,665,040"
76,MIL,Joe Ingles,7,SG,35,80,220,--,"$6,479,000"
77,MIL,Brook Lopez,11,C,34,84,282,Stanford,"$13,906,976"
78,MIL,Sandro Mamukelashvili,54,PF,23,82,240,Seton Hall,--
79,MIL,Wesley Matthews,23,SG,36,76,220,Marquette,"$1,836,090"
80,MIL,Khris Middleton,22,SF,31,79,222,Texas A&M,"$37,948,276"
81,MIL,Bobby Portis,9,F,28,82,250,Arkansas,"$10,843,350"
82,OKC,Ousmane Dieng,13,F,19,81,185,--,"$4,569,840"
83,OKC,Luguentz Dort,5,G,23,76,220,Arizona State,"$15,277,778"
84,OKC,Josh Giddey,3,SG,20,80,216,--,"$6,287,280"
85,OKC,Shai Gilgeous-Alexander,2,PG,24,78,195,Kentucky,"$30,913,750"
86,OKC,Chet Holmgren,7,PF,20,85,195,Gonzaga,"$9,891,240"
87,OKC,Justin Jackson,43,SF,27,80,220,North Carolina,"$1,836,090"
88,OKC,Isaiah Joe,11,SG,23,75,165,Arkansas,"$1,836,090"
89,OKC,Tre Mann,23,PG,22,75,178,Florida,"$3,046,200"
90,OKC,Eugene Omoruyi,97,F,25,78,235,Oregon,--
91,OKC,Aleksej Pokusevski,17,F,21,84,190,--,"$3,261,480"
92,OKC,Jeremiah Robinson-Earl,50,PF,22,80,240,Villanova,"$2,000,000"
93,OKC,,,PF,28,82,225,--,"$9,240,000"
94,OKC,Lindy Waters III,12,F,25,78,210,Oklahoma State,--
95,OKC,Aaron Wiggins,21,SG,24,77,190,Maryland,"$1,563,518"
96,OKC,Jalen Williams,8,F,21,78,195,Santa Clara,"$4,341,480"
97,OKC,Jaylin Williams,6,F,20,81,240,Arkansas,"$2,000,000"
98,OKC,Kenrich Williams,34,SF,28,78,210,TCU,"$2,000,000"
99,CHI,Lonzo Ball,2,PG,25,78,190,UCLA,"$19,534,884"
100,CHI,Tony Bradley,13,C,25,83,248,North Carolina,"$2,036,318"
101,CHI,Alex Caruso,6,SG,28,77,186,Texas A&M,"$9,030,000"
102,CHI,DeMar DeRozan,11,SF,33,78,220,USC,"$27,300,000"
103,CHI,Ayo Dosunmu,12,SG,23,76,200,Illinois,"$1,563,518"
104,CHI,Goran Dragic,7,PG,36,75,190,--,"$1,836,090"
105,CHI,Andre Drummond,3,C,29,82,279,Connecticut,"$3,200,000"
106,CHI,Javonte Green,24,SF,29,77,205,Radford,"$1,815,677"
107,CHI,Malcolm Hill,14,F,27,78,220,Illinois,--
108,CHI,Carlik Jones,22,G,25,72,174,Louisville,--
109,CHI,Derrick Jones Jr.,5,SF,25,78,210,UNLV,"$3,200,000"
110,CHI,Zach LaVine,8,SG,27,77,200,UCLA,"$37,096,500"
111,CHI,Marko Simonovic,19,C,23,84,220,--,"$1,563,518"
112,CHI,Dalen Terry,25,F,20,79,195,Arizona,"$3,191,400"
113,CHI,Nikola Vucevic,9,C,32,82,260,USC,"$22,000,000"
114,CHI,Coby White,0,PG,22,76,195,North Carolina,"$7,413,955"
115,CHI,Patrick Williams,44,PF,21,79,215,Florida State,"$7,775,400"
116,PHX,Deandre Ayton,22,C,24,84,250,Arizona,"$30,913,750"
117,PHX,Darius Bazley,55,PF,22,81,216,--,"$4,264,629"
118,PHX,Bismack Biyombo,18,C,30,80,255,--,"$1,836,090"
119,PHX,Devin Booker,1,SG,26,77,206,Kentucky,"$33,833,400"
120,PHX,Torrey Craig,0,SF,32,79,221,USC Upstate,"$5,121,951"
121,PHX,Kevin Durant,7,PF,34,82,240,Texas,"$44,119,845"
122,PHX,Jock Landale,11,C,27,83,255,Saint Mary's,"$1,563,518"
123,PHX,Damion Lee,10,SG,30,77,210,Louisville,"$1,836,090"
124,PHX,Saben Lee,9,G,23,74,183,Vanderbilt,"$1,752,638"
125,PHX,Josh Okogie,2,SF,24,76,213,Georgia Tech,"$1,836,090"
126,PHX,Chris Paul,3,PG,37,72,175,Wake Forest,"$28,400,000"
127,PHX,Cameron Payne,15,PG,28,73,183,Murray State,"$6,000,000"
128,PHX,Landry Shamet,14,SG,25,76,190,Wichita State,"$9,500,000"
129,PHX,Ish Wainright,12,F,28,77,250,Baylor,"$5,318"
130,PHX,T.J. Warren,1,SF,29,80,220,NC State,"$1,836,090"
131,PHI,Julian Champagnie,55,F,21,79,217,St. John's,--
132,PHI,Joel Embiid,21,C,28,84,280,Kansas,"$33,616,770"
133,PHI,James Harden,1,SG,33,77,220,Arizona State,"$33,000,000"
134,PHI,Montrezl Harrell,5,C,29,79,240,Louisville,"$2,463,490"
135,PHI,Tobias Harris,12,PF,30,79,226,Tennessee,"$37,633,050"
136,PHI,Danuel House Jr.,25,SF,29,78,220,Texas A&M,"$4,105,000"
137,PHI,Louis King,7,SF,23,79,205,Oregon,--
138,PHI,Furkan Korkmaz,30,SG,25,79,202,--,"$5,000,000"
139,PHI,Tyrese Maxey,0,PG,22,74,200,Kentucky,"$2,726,880"
140,PHI,Jalen McDaniels,6,PF,25,81,205,San Diego State,"$1,930,681"
141,PHI,De'Anthony Melton,8,SG,24,74,200,USC,"$8,250,000"
142,PHI,Shake Milton,18,SG,26,77,205,SMU,"$1,977,718"
143,PHI,Georges Niang,20,SF,29,79,230,Iowa State,"$3,465,000"
144,PHI,Paul Reed,44,SF,23,81,210,DePaul,"$1,782,621"
145,PHI,Jaden Springer,11,G,20,76,202,Tennessee,"$2,125,200"
146,PHI,P.J. Tucker,17,PF,37,77,245,Texas,"$10,490,000"
147,NO,Jose Alvarado,15,PG,24,72,179,Georgia Tech,"$1,563,518"
148,NO,Dyson Daniels,11,G,19,79,199,--,"$5,508,600"
149,NO,Jaxson Hayes,10,C,22,84,220,Texas,"$6,803,012"
150,NO,Willy Hernangomez,9,C,28,83,250,--,"$2,443,581"
151,NO,Brandon Ingram,14,SF,25,80,190,Duke,"$31,650,600"
152,NO,Herbert Jones,5,SF,24,79,206,Alabama,"$1,785,000"
153,NO,Kira Lewis Jr.,13,PG,21,73,170,Alabama,"$4,004,280"
154,NO,E.J. Liddell,32,F,22,78,240,Ohio State,--
155,NO,Naji Marshall,8,SF,25,79,220,Xavier,"$1,782,621"
156,NO,CJ McCollum,3,SG,31,75,190,Lehigh,"$33,333,333"
157,NO,Trey Murphy III,25,SG,22,80,206,Virginia,"$3,206,640"
158,NO,Larry Nance Jr.,22,PF,30,80,245,Wyoming,"$9,672,727"
159,NO,Josh Richardson,2,SG,29,78,200,Tennessee,"$11,615,328"
160,NO,Dereon Seabron,0,G,22,78,180,NC State,--
161,NO,Garrett Temple,41,SF,36,78,195,LSU,"$4,910,000"
162,NO,Jonas Valanciunas,17,C,30,83,265,--,"$14,700,000"
163,NO,Zion Williamson,1,PF,22,78,284,Duke,"$13,534,817"
164,CHA,LaMelo Ball,1,PG,21,79,180,--,"$8,623,920"
165,CHA,James Bouknight,2,SG,22,76,190,Connecticut,"$4,362,240"
166,CHA,Gordon Hayward,20,SF,32,79,225,Butler,"$30,075,000"
167,CHA,Reggie Jackson,1,PG,32,74,208,Boston College,"$11,215,260"
168,CHA,Kai Jones,23,PF,22,83,221,Texas,"$2,909,040"
169,CHA,Theo Maledon,9,PG,21,77,175,--,"$1,900,000"
170,CHA,Cody Martin,11,SF,27,78,205,Nevada,"$7,000,000"
171,CHA,Bryce McGowens,7,G,20,78,175,Nebraska,--
172,CHA,Svi Mykhailiuk,17,SG,25,79,205,Kansas,"$1,836,090"
173,CHA,Kelly Oubre Jr.,12,SG,27,78,203,Kansas,"$12,600,000"
174,CHA,Nick Richards,4,C,25,84,245,Kentucky,"$1,782,621"
175,CHA,Terry Rozier,3,SG,28,73,190,Louisville,"$21,486,283"
176,CHA,Dennis Smith Jr.,8,PG,25,74,205,NC State,"$1,836,090"
177,CHA,JT Thor,21,F,20,81,203,Auburn,"$1,563,518"
178,CHA,P.J. Washington,25,PF,24,79,230,Kentucky,"$5,808,435"
179,CHA,Mark Williams,5,C,21,84,240,Duke,"$3,722,040"
180,LAL,Mo Bamba,11,C,24,84,231,Texas,"$10,300,000"
181,LAL,Malik Beasley,5,SG,26,76,187,Florida State,"$15,558,035"
182,LAL,Troy Brown Jr.,7,SF,23,78,215,Oregon,"$1,836,090"
183,LAL,Max Christie,10,G,20,77,190,Michigan State,"$1,017,781"
184,LAL,Anthony Davis,3,PF,29,82,253,Kentucky,"$37,980,720"
185,LAL,Wenyen Gabriel,35,F,25,81,205,Kentucky,"$1,878,720"
186,LAL,Rui Hachimura,28,PF,25,80,230,Gonzaga,"$6,263,188"
187,LAL,LeBron James,6,SF,38,81,250,--,"$44,474,988"
188,LAL,Scotty Pippen Jr.,14,G,22,74,170,Vanderbilt,--
189,LAL,Austin Reaves,15,SG,24,77,197,Oklahoma,"$1,563,518"
190,LAL,Davon Reed,9,SG,27,77,206,Miami (FL),"$1,902,133"
191,LAL,D'Angelo Russell,0,PG,26,76,193,Ohio State,"$31,377,750"
192,LAL,Dennis Schroder,17,PG,29,73,172,--,"$1,836,090"
193,LAL,Cole Swider,20,F,23,81,220,Syracuse,--
194,LAL,Jarred Vanderbilt,8,PF,23,80,214,Kentucky,"$4,050,000"
195,LAL,Lonnie Walker IV,4,G,24,76,204,Miami (FL),"$6,479,000"
196,IND,Goga Bitadze,88,C,23,83,250,--,"$4,765,339"
197,IND,Oshae Brissett,12,SF,24,79,210,Syracuse,"$1,846,738"
198,IND,Kendall Brown,10,SG,19,79,205,Baylor,--
199,IND,Chris Duarte,3,SG,25,77,190,Oregon,"$3,936,960"
200,IND,Tyrese Haliburton,0,PG,22,77,185,Iowa State,"$4,215,120"
201,IND,Buddy Hield,24,SG,30,76,220,Oklahoma,"$22,768,890"
202,IND,George Hill,3,PG,36,76,188,IUPUI,"$4,000,000"
203,IND,Serge Ibaka,25,F,33,82,235,--,"$1,836,090"
204,IND,Isaiah Jackson,22,SF,21,81,205,Kentucky,"$2,573,760"
205,IND,James Johnson,16,PF,35,79,240,Wake Forest,"$1,836,090"
206,IND,Bennedict Mathurin,00,SG,20,77,210,Arizona,"$6,586,800"
207,IND,T.J. McConnell,9,PG,30,73,190,Arizona,"$8,100,000"
208,IND,Andrew Nembhard,2,PG,23,75,191,Gonzaga,"$2,244,111"
209,IND,Aaron Nesmith,23,SF,23,77,215,Vanderbilt,"$3,804,360"
210,IND,Jordan Nwora,13,SF,24,80,225,Louisville,"$3,000,000"
211,IND,Trevelin Queen,8,SG,25,78,190,New Mexico State,"$1,637,966"
212,IND,Jalen Smith,25,PF,22,81,215,Maryland,"$4,670,160"
213,IND,Terry Taylor,21,SF,23,76,230,Austin Peay,"$1,563,518"
214,IND,Daniel Theis,27,C,30,80,245,--,"$8,694,369"
215,IND,Myles Turner,33,C,26,83,250,Texas,"$35,096,500"
216,TOR,Precious Achiuwa,5,PF,23,80,225,Memphis,"$2,840,160"
217,TOR,O.G. Anunoby,3,SF,25,79,232,Indiana,"$17,357,143"
218,TOR,Dalano Banton,45,PG,23,79,204,Nebraska,"$1,563,318"
219,TOR,Scottie Barnes,4,SF,21,80,225,Florida State,"$7,644,720"
220,TOR,Chris Boucher,25,PF,30,81,200,Oregon,"$12,690,000"
221,TOR,Jeff Dowtin Jr.,20,PG,25,75,177,Rhode Island,--
222,TOR,Malachi Flynn,22,PG,24,73,175,San Diego State,"$2,145,720"
223,TOR,Ron Harper Jr.,8,F,22,77,245,Rutgers,--
224,TOR,Juancho Hernangomez,41,PF,27,81,214,--,"$1,836,090"
225,TOR,Christian Koloko,35,C,22,84,230,Arizona,"$1,500,000"
226,TOR,Jakob Poeltl,25,C,27,85,245,Utah,"$9,398,148"
227,TOR,Otto Porter Jr.,32,SF,29,80,198,Georgetown,"$6,000,000"
228,TOR,Pascal Siakam,43,PF,28,80,230,New Mexico State,"$35,448,672"
229,TOR,Gary Trent Jr.,33,SG,24,77,209,Duke,"$17,505,000"
230,TOR,Fred VanVleet,23,SG,28,72,197,Wichita State,"$21,250,000"
231,TOR,Thaddeus Young,21,PF,34,80,235,Georgia Tech,"$8,000,000"
232,CLE,Jarrett Allen,31,C,24,81,243,Texas,"$20,000,000"
233,CLE,Mamadi Diakite,21,F,26,81,228,Virginia,"$1,517,981"
234,CLE,Darius Garland,10,PG,23,73,192,Vanderbilt,"$8,920,795"
235,CLE,Caris LeVert,3,SG,28,78,205,Michigan,"$18,796,296"
236,CLE,Robin Lopez,33,C,34,84,281,Stanford,"$1,836,090"
237,CLE,Kevin Love,0,PF,34,80,251,UCLA,"$28,942,830"
238,CLE,Donovan Mitchell,45,SG,26,73,215,Louisville,"$30,913,750"
239,CLE,Evan Mobley,4,PF,21,83,215,USC,"$8,478,720"
240,CLE,Isaiah Mobley,15,F,23,80,238,USC,--
241,CLE,Raul Neto,19,PG,30,74,180,--,"$1,836,090"
242,CLE,Isaac Okoro,35,SF,22,77,225,Auburn,"$7,040,880"
243,CLE,Cedi Osman,16,SF,27,79,230,--,"$7,426,088"
244,CLE,Ricky Rubio,13,PG,32,74,190,--,"$5,853,659"
245,CLE,Lamar Stevens,8,F,25,78,230,Penn State,"$1,782,621"
246,CLE,Dean Wade,32,PF,26,81,228,Kansas State,"$1,930,681"
247,CLE,Dylan Windler,9,SG,26,79,196,Belmont,"$4,037,278"
248,DEN,Christian Braun,0,G,21,78,220,Kansas,"$2,808,600"
249,DEN,Bruce Brown,11,SF,26,76,202,Miami (FL),"$6,479,000"
250,DEN,Thomas Bryant,31,C,25,82,248,Indiana,"$1,836,090"
251,DEN,Kentavious Caldwell-Pope,5,SG,29,77,204,Georgia,"$14,004,703"
252,DEN,Vlatko Cancar,31,SF,25,80,236,--,"$2,234,359"
253,DEN,Collin Gillespie,21,G,23,73,195,Villanova,--
254,DEN,Aaron Gordon,50,PF,27,80,235,Arizona,"$19,690,909"
255,DEN,Jeff Green,32,PF,36,80,235,Georgetown,"$4,500,000"
256,DEN,Nikola Jokic,15,C,27,83,284,--,"$33,047,804"
257,DEN,DeAndre Jordan,6,C,34,83,265,Texas A&M,"$1,836,090"
258,DEN,Jamal Murray,27,PG,25,76,215,Kentucky,"$31,650,000"
259,DEN,Zeke Nnaji,22,PF,22,81,240,Arizona,"$2,498,760"
260,DEN,Michael Porter Jr.,1,SF,24,82,218,Missouri,"$30,913,750"
261,DEN,Ish Smith,14,PG,34,72,175,Wake Forest,"$4,750,000"
262,DEN,Peyton Watson,8,F,20,79,200,UCLA,"$2,193,960"
263,DEN,Jack White,10,F,25,79,225,Duke,--
264,MIN,Nickeil Alexander-Walker,6,SG,24,77,205,Virginia Tech,"$5,009,633"
265,MIN,Kyle Anderson,5,SF,29,81,230,UCLA,"$8,780,488"
266,MIN,Mike Conley,11,PG,35,73,175,Ohio State,"$22,680,000"
267,MIN,Anthony Edwards,1,SG,21,76,225,Georgia,"$10,733,400"
268,MIN,Luka Garza,55,C,24,82,243,Iowa,"$925,258"
269,MIN,Rudy Gobert,27,C,30,85,258,--,"$38,172,414"
270,MIN,Nathan Knight,13,F,25,80,253,William & Mary,"$1,836,090"
271,MIN,Jaden McDaniels,3,PF,22,81,185,Washington,"$2,161,440"
272,MIN,Jordan McLaughlin,6,PG,26,72,185,USC,"$2,160,000"
273,MIN,Josh Minott,8,F,20,80,205,Memphis,"$1,017,781"
274,MIN,Wendell Moore Jr.,7,G,21,77,215,Duke,"$2,306,520"
275,MIN,Jaylen Nowell,4,SG,23,76,201,Washington,"$1,930,681"
276,MIN,Taurean Prince,12,PF,28,78,218,Baylor,"$8,000,000"
277,MIN,Naz Reid,11,C,23,81,264,LSU,"$1,930,681"
278,MIN,Austin Rivers,25,SG,30,76,200,Duke,"$1,836,090"
279,MIN,Matt Ryan,37,F,25,78,215,Chattanooga,"$1,836,090"
280,MIN,Karl-Anthony Towns,32,C,27,84,248,Kentucky,"$33,833,400"
281,BKN,Mikal Bridges,25,SF,26,78,209,Villanova,"$20,100,000"
282,BKN,Nic Claxton,33,C,23,83,215,Georgia,"$8,500,000"
283,BKN,Seth Curry,30,SG,32,73,185,Duke,"$8,496,500"
284,BKN,Spencer Dinwiddie,26,PG,29,78,215,Colorado,"$19,500,000"
285,BKN,David Duke Jr.,6,G,23,76,204,Providence,--
286,BKN,Dorian Finney-Smith,28,PF,29,79,220,Florida,"$12,939,648"
287,BKN,Joe Harris,12,SF,31,78,220,Virginia,"$18,642,857"
288,BKN,Cameron Johnson,23,SF,26,80,210,North Carolina,"$5,887,899"
289,BKN,Patty Mills,8,PG,34,72,180,Saint Mary's,"$6,479,000"
290,BKN,Royce O'Neale,00,PF,29,78,226,Baylor,"$9,200,000"
291,BKN,Day'Ron Sharpe,20,C,21,81,265,North Carolina,"$2,109,480"
292,BKN,Ben Simmons,10,PG,26,82,240,LSU,"$35,448,672"
293,BKN,Dru Smith,9,G,25,75,203,Missouri,--
294,BKN,Edmond Sumner,4,PG,27,76,196,Xavier,"$1,968,175"
295,BKN,Cam Thomas,24,SG,21,75,210,LSU,"$2,138,160"
296,BKN,Yuta Watanabe,18,SF,28,80,215,George Washington,"$1,762,796"
297,SAS,Dominick Barlow,26,F,19,81,215,--,--
298,SAS,Charles Bassey,28,C,22,81,230,Western Kentucky,"$1,563,518"
299,SAS,Keita Bates-Diop,31,SF,27,80,229,Ohio State,"$1,878,720"
300,SAS,Khem Birch,24,C,30,80,233,UNLV,"$6,667,500"
301,SAS,Malaki Branham,22,G,19,76,180,Ohio State,"$2,925,600"
302,SAS,Zach Collins,23,PF,25,83,250,Gonzaga,"$7,350,000"
303,SAS,Gorgui Dieng,41,C,33,82,265,Louisville,--
304,SAS,Devonte' Graham,4,PG,27,73,195,Kansas,"$11,550,000"
305,SAS,Keldon Johnson,3,SF,23,77,220,Kentucky,"$3,873,025"
306,SAS,Stanley Johnson,34,SF,26,78,242,Arizona,"$1,245,164"
307,SAS,Tre Jones,33,PG,23,73,185,Duke,"$1,782,621"
308,SAS,Romeo Langford,35,SG,23,77,216,Indiana,"$5,634,257"
309,SAS,Doug McDermott,17,SF,31,78,225,Creighton,"$13,750,000"
310,SAS,Isaiah Roby,18,PF,25,80,230,Nebraska,"$1,782,621"
311,SAS,Jeremy Sochan,10,F,19,80,230,Baylor,"$5,063,520"
312,SAS,Devin Vassell,24,SG,22,77,200,Florida State,"$4,437,000"
313,SAS,Blake Wesley,14,G,19,76,185,Notre Dame,"$2,385,480"
314,DAL,Davis Bertans,44,SF,30,82,225,--,"$16,000,000"
315,DAL,Reggie Bullock,25,SF,31,78,205,North Carolina,"$10,012,800"
316,DAL,Luka Doncic,77,PG,23,79,230,--,"$37,095,000"
317,DAL,Josh Green,8,SG,22,77,200,Arizona,"$3,098,400"
318,DAL,Tim Hardaway Jr.,11,SF,30,77,205,Michigan,"$19,602,273"
319,DAL,Jaden Hardy,3,G,20,75,198,--,"$1,017,781"
320,DAL,Kyrie Irving,2,PG,30,74,195,Duke,"$38,917,057"
321,DAL,Maxi Kleber,42,PF,31,82,240,--,"$9,000,000"
322,DAL,A.J. Lawson,9,G,22,78,179,South Carolina,--
323,DAL,JaVale McGee,00,C,35,84,270,Nevada,"$5,461,219"
324,DAL,Markieff Morris,8,PF,33,81,245,Kansas,"$1,836,090"
325,DAL,Frank Ntilikina,21,PG,24,76,200,--,"$2,036,318"
326,DAL,Theo Pinson,1,G,27,78,212,North Carolina,"$1,836,090"
327,DAL,Dwight Powell,7,C,31,82,240,Stanford,"$11,080,125"
328,DAL,Chris Silva,30,F,26,80,234,South Carolina,--
329,DAL,Christian Wood,35,F,27,81,214,UNLV,"$14,317,460"
330,DAL,McKinley Wright IV,23,PG,24,71,192,Colorado,--
331,HOU,Josh Christopher,9,SG,21,76,215,Arizona State,"$2,372,160"
332,HOU,Darius Days,5,F,23,79,245,LSU,--
333,HOU,Tari Eason,17,F,21,80,215,LSU,"$3,309,160"
334,HOU,Usman Garuba,16,PF,20,80,229,--,"$2,471,160"
335,HOU,Danny Green,14,G,35,78,215,North Carolina,"$10,000,000"
336,HOU,Jalen Green,4,SG,21,76,186,--,"$9,441,840"
337,HOU,Justin Holiday,8,SF,33,78,180,Washington,"$6,292,440"
338,HOU,Trevor Hudgins,12,G,23,72,180,Northwest Missouri State,--
339,HOU,Frank Kaminsky,0,PF,29,84,240,Wisconsin,"$1,836,090"
340,HOU,Boban Marjanovic,51,C,34,88,290,--,"$3,500,000"
341,HOU,Kenyon Martin Jr.,6,F,22,79,215,--,"$1,782,621"
342,HOU,Daishen Nix,15,SG,20,76,226,--,"$1,563,518"
343,HOU,Kevin Porter Jr.,3,SG,22,76,203,USC,"$3,217,631"
344,HOU,Alperen Sengun,28,C,20,83,243,--,"$3,375,480"
345,HOU,Jabari Smith Jr.,1,PF,19,83,220,Auburn,"$8,882,640"
346,HOU,Jae'Sean Tate,8,SF,27,77,230,Ohio State,"$7,065,217"
347,HOU,John Wall,11,PG,32,75,210,Kentucky,"$6,479,000"
348,HOU,TyTy Washington Jr.,0,G,21,75,195,Kentucky,"$2,210,040"
349,DET,Marvin Bagley III,35,PF,23,82,235,Duke,"$12,500,000"
350,DET,Buddy Boeheim,27,F,23,78,205,Syracuse,--
351,DET,Bojan Bogdanovic,44,SF,33,79,226,--,"$19,550,000"
352,DET,Alec Burks,5,SG,31,78,214,Colorado,"$10,012,800"
353,DET,Cade Cunningham,2,PG,21,79,220,Oklahoma State,"$10,552,800"
354,DET,Hamidou Diallo,6,SG,24,77,202,Kentucky,"$5,200,000"
355,DET,Jalen Duren,0,C,19,83,250,Memphis,"$4,124,280"
356,DET,Killian Hayes,7,PG,21,77,195,--,"$5,572,680"
357,DET,Jaden Ivey,23,PG,20,76,195,Purdue,"$7,252,200"
358,DET,Cory Joseph,18,PG,31,75,200,Texas,"$5,155,500"
359,DET,Isaiah Livers,12,PF,24,78,232,Michigan,"$1,563,518"
360,DET,Rodney McGruder,17,G,31,76,205,Kansas State,"$1,836,090"
361,DET,Nerlens Noel,9,C,28,82,220,Kentucky,"$9,240,000"
362,DET,Jared Rhoden,8,G,23,78,210,Seton Hall,--
363,DET,Isaiah Stewart,28,C,21,80,250,Washington,"$3,433,320"
364,DET,Stanley Umude,37,G,23,78,210,Arkansas,--
365,DET,James Wiseman,33,C,21,84,240,Memphis,"$9,603,360"
366,POR,Ryan Arcidiacono,51,G,28,75,195,Villanova,"$1,836,090"
367,POR,Ibou Badji,41,C,20,85,240,--,--
368,POR,Greg Brown III,4,PF,21,79,206,Texas,"$1,563,518"
369,POR,John Butler Jr.,21,F,20,84,190,Florida State,--
370,POR,Drew Eubanks,24,PF,26,82,245,Oregon State,"$1,836,090"
371,POR,Jerami Grant,9,SF,28,80,210,Syracuse,"$20,955,000"
372,POR,Keon Johnson,6,SG,20,75,185,Tennessee,"$2,681,040"
373,POR,Kevin Knox II,20,SF,23,79,215,Kentucky,"$5,845,979"
374,POR,Damian Lillard,0,PG,32,74,195,Weber State,"$42,492,492"
375,POR,Nassir Little,10,SF,23,77,220,North Carolina,"$4,171,548"
376,POR,Jusuf Nurkic,27,C,28,84,290,--,"$15,625,000"
377,POR,Cam Reddish,0,SF,23,80,217,Duke,"$5,954,454"
378,POR,Shaedon Sharpe,17,SG,19,77,200,Kentucky,"$6,012,960"
379,POR,Anfernee Simons,1,SG,23,75,181,--,"$22,321,429"
380,POR,Matisse Thybulle,22,SG,25,77,201,Washington,"$4,379,527"
381,POR,Jabari Walker,34,F,20,79,200,Colorado,"$1,017,781"
382,POR,Trendon Watford,2,PF,22,80,237,LSU,"$1,563,518"
383,POR,Justise Winslow,26,PF,26,78,222,Duke,"$4,097,561"
384,ATL,Saddiq Bey,41,SF,23,79,215,Villanova,"$2,959,080"
385,ATL,Bogdan Bogdanovic,13,SG,30,77,225,--,"$18,000,000"
386,ATL,Clint Capela,15,C,28,82,256,--,"$18,706,896"
387,ATL,John Collins,20,PF,25,81,226,Wake Forest,"$23,500,000"
388,ATL,Bruno Fernando,20,PF,24,82,240,Maryland,"$2,717,391"
389,ATL,Trent Forrest,2,G,24,76,210,Florida State,--
390,ATL,AJ Griffin,14,F,19,78,222,Duke,"$3,536,160"
391,ATL,Aaron Holiday,3,G,26,72,185,UCLA,"$1,836,090"
392,ATL,De'Andre Hunter,12,SF,25,80,221,Virginia,"$9,835,881"
393,ATL,Jalen Johnson,1,SF,21,80,219,Duke,"$2,792,640"
394,ATL,Vit Krejci,27,G,22,80,195,--,"$1,563,518"
395,ATL,Tyrese Martin,22,G,23,78,215,Connecticut,"$1,017,781"
396,ATL,Garrison Mathews,25,SG,26,78,215,Lipscomb,"$2,000,000"
397,ATL,Dejounte Murray,5,SG,26,77,180,Washington,"$16,571,120"
398,ATL,Onyeka Okongwu,17,PF,22,81,240,USC,"$6,395,160"
399,ATL,Donovan Williams,4,G,21,78,190,UNLV,--
400,ATL,Trae Young,11,PG,24,73,164,Oklahoma,"$37,095,000"
401,GSW,Patrick Baldwin Jr.,7,F,20,81,220,Milwaukee,"$2,226,000"
402,GSW,Stephen Curry,30,PG,34,74,185,Davidson,"$48,070,014"
403,GSW,Donte DiVincenzo,0,SG,26,76,203,Villanova,"$4,500,000"
404,GSW,Draymond Green,23,PF,32,78,230,Michigan State,"$25,806,468"
405,GSW,JaMychal Green,1,F,32,81,227,Alabama,"$1,836,090"
406,GSW,Andre Iguodala,9,F,39,78,215,Arizona,"$1,836,090"
407,GSW,Ty Jerome,10,SG,25,77,195,Virginia,"$4,220,057"
408,GSW,Jonathan Kuminga,00,PF,20,79,225,--,"$5,739,860"
409,GSW,Anthony Lamb,40,F,25,78,227,Vermont,--
410,GSW,Kevon Looney,5,F,27,81,222,UCLA,"$8,000,000"
411,GSW,Moses Moody,4,SG,20,77,211,Arkansas,"$3,562,200"
412,GSW,Gary Payton II,00,SG,30,74,195,Oregon State,"$8,300,000"
413,GSW,Jordan Poole,3,SG,23,76,194,Michigan,"$3,901,399"
414,GSW,Ryan Rollins,2,G,20,75,180,Toledo,"$1,017,781"
415,GSW,Klay Thompson,11,SG,33,78,220,Washington State,"$40,600,080"
416,GSW,Andrew Wiggins,22,SF,27,79,197,Kansas,"$33,616,770"
417,MIA,Bam Adebayo,13,C,25,81,255,Kentucky,"$30,351,780"
418,MIA,Jamaree Bouyea,11,G,23,74,180,San Francisco,--
419,MIA,Jimmy Butler,22,SF,33,79,230,Marquette,"$37,653,300"
420,MIA,Jamal Cain,8,F,23,79,191,Oakland,--
421,MIA,Udonis Haslem,40,PF,42,80,235,Florida,"$1,836,090"
422,MIA,Tyler Herro,14,PG,23,77,195,Kentucky,"$5,722,116"
423,MIA,Haywood Highsmith,24,F,26,76,220,Wheeling Jesuit,"$1,752,638"
424,MIA,Nikola Jovic,5,F,19,82,205,--,"$2,239,920"
425,MIA,Kyle Lowry,7,PG,36,72,196,Villanova,"$28,333,334"
426,MIA,Caleb Martin,16,SF,27,77,205,Nevada,"$6,479,000"
427,MIA,Victor Oladipo,4,SG,30,76,213,Indiana,"$8,750,000"
428,MIA,Duncan Robinson,55,F,28,79,215,Michigan,"$16,902,000"
429,MIA,Orlando Robinson,25,C,22,84,235,Fresno State,--
430,MIA,Max Strus,31,SG,26,77,215,DePaul,"$1,815,677"
431,MIA,Gabe Vincent,2,PG,26,75,200,UC Santa Barbara,"$1,815,677"
432,MIA,Omer Yurtseven,77,C,24,83,275,Georgetown,"$1,752,638"
433,LAC,Nicolas Batum,33,PF,34,80,230,--,"$10,843,350"
434,LAC,Brandon Boston Jr.,4,SG,21,78,188,Kentucky,"$1,563,518"
435,LAC,Moses Brown,6,C,23,86,245,UCLA,"$19,186"
436,LAC,Amir Coffey,7,SG,25,79,210,Minnesota,"$3,395,062"
437,LAC,Robert Covington,23,PF,32,79,209,Tennessee State,"$12,307,692"
438,LAC,Moussa Diabate,25,F,21,82,210,Michigan,--
439,LAC,Paul George,13,F,32,80,220,Fresno State,"$42,492,492"
440,LAC,Eric Gordon,10,SG,34,75,215,Indiana,"$19,568,360"
441,LAC,Bones Hyland,3,PG,22,74,169,Virginia Commonwealth,"$2,201,520"
442,LAC,Kawhi Leonard,2,SF,31,79,225,San Diego State,"$42,492,492"
443,LAC,Terance Mann,14,SG,26,77,215,Florida State,"$1,930,681"
444,LAC,Marcus Morris Sr.,8,SF,33,80,218,Kansas,"$16,372,093"
445,LAC,Mason Plumlee,24,C,32,84,254,Duke,"$9,080,417"
446,LAC,Norman Powell,24,SF,29,75,215,UCLA,"$16,758,621"
447,LAC,Jason Preston,17,PG,23,75,181,Ohio,"$1,563,518"
448,LAC,Ivica Zubac,40,C,25,84,240,--,"$10,123,457"
449,NYK,RJ Barrett,9,SG,22,78,214,Duke,"$10,900,635"
450,NYK,Jalen Brunson,11,PG,26,73,190,Villanova,"$27,733,332"
451,NYK,Evan Fournier,13,SG,30,78,205,--,"$18,000,000"
452,NYK,Quentin Grimes,6,SG,22,76,210,Houston,"$2,277,000"
453,NYK,Josh Hart,11,SG,27,76,215,Villanova,"$12,960,000"
454,NYK,Isaiah Hartenstein,55,C,24,84,250,--,"$7,804,879"
455,NYK,DaQuan Jeffries,8,SG,25,77,222,Western Texas Coll. (J.C.),"$1,701,593"
456,NYK,Trevor Keels,3,G,19,76,221,Duke,--
457,NYK,Miles McBride,2,PG,22,74,195,West Virginia,"$1,563,518"
458,NYK,Immanuel Quickley,5,SG,23,75,190,Kentucky,"$2,316,240"
459,NYK,Julius Randle,30,PF,28,80,250,Kentucky,"$23,760,000"
460,NYK,Mitchell Robinson,23,C,24,84,240,--,"$17,045,454"
461,NYK,Derrick Rose,4,PG,34,75,200,Memphis,"$14,520,730"
462,NYK,Jericho Sims,45,C,24,81,250,Texas,"$1,639,842"
463,NYK,Obi Toppin,1,PF,24,81,220,Dayton,"$5,348,280"
464,MEM,Steven Adams,4,C,29,83,265,Pittsburgh,"$17,926,829"
465,MEM,Santi Aldama,7,PF,22,83,215,Loyola (MD),"$2,094,240"
466,MEM,Desmond Bane,22,SG,24,77,215,TCU,"$2,130,240"
467,MEM,Dillon Brooks,24,SF,27,79,225,Oregon,"$11,400,000"
468,MEM,Kennedy Chandler,1,G,20,72,171,Tennessee,"$1,200,000"
469,MEM,Brandon Clarke,15,PF,26,80,215,Gonzaga,"$4,343,920"
470,MEM,Jaren Jackson Jr.,13,PF,23,83,242,Michigan State,"$28,946,605"
471,MEM,Tyus Jones,21,PG,26,72,196,Duke,"$1,500,000"
472,MEM,Luke Kennard,5,SG,26,77,206,Duke,"$14,415,545"
473,MEM,John Konchar,46,SG,26,77,210,--,"$2,300,000"
474,MEM,Jake LaRavia,3,F,21,80,235,Wake Forest,"$3,047,640"
475,MEM,Kenneth Lofton Jr.,6,F,20,79,275,Louisiana Tech,--
476,MEM,Ja Morant,12,PG,23,75,174,Murray State,"$9,603,360"
477,MEM,David Roddy,27,F,21,77,252,Colorado State,"$2,588,640"
478,MEM,Xavier Tillman,2,F,24,80,245,Michigan State,"$1,901,625"
479,MEM,Ziaire Williams,8,F,21,81,185,Stanford,"$4,591,680"
480,MEM,Vince Williams Jr.,5,G,22,78,205,Virginia Commonwealth,--
481,ORL,Cole Anthony,50,PG,22,75,185,North Carolina,"$3,613,680"
482,ORL,Paolo Banchero,5,PF,20,82,250,Duke,"$11,055,120"
483,ORL,Patrick Beverley,21,PG,34,73,180,Arkansas,"$13,000,000"
484,ORL,Bol Bol,10,C,23,86,220,Oregon,"$2,200,000"
485,ORL,Wendell Carter Jr.,34,C,23,82,270,Duke,"$14,150,000"
486,ORL,Markelle Fultz,20,PG,24,76,209,Washington,"$16,500,000"
487,ORL,R.J. Hampton,13,PG,22,76,175,--,"$2,412,840"
488,ORL,Gary Harris,14,SG,28,76,210,Michigan State,"$13,000,000"
489,ORL,Kevon Harris,7,G,25,78,216,Stephen F. Austin,--
490,ORL,Caleb Houstan,2,F,20,80,205,Michigan,"$2,000,000"
491,ORL,Jonathan Isaac,1,PF,25,82,230,Florida State,"$17,400,000"
492,ORL,Chuma Okeke,3,PF,24,80,229,Auburn,"$3,433,320"
493,ORL,Terrence Ross,31,SG,32,79,206,Washington,"$11,500,000"
494,ORL,Admiral Schofield,25,SF,25,77,241,Tennessee,--
495,ORL,Jalen Suggs,4,SG,21,77,205,Gonzaga,"$6,922,320"
496,ORL,Franz Wagner,22,SF,21,82,220,Michigan,"$5,258,280"
497,ORL,Moritz Wagner,21,C,25,83,245,Michigan,"$1,878,720"
